{
    "offset_x": -0.03125,
    "offset_y": 1.03125,
    "scale_x": 0.6266666666666667,
    "scale_y": 2.473684210526316
}